{"cameraMode":{"drawMode":0,"name":"Shaded","section":"Shading Mode"},"sceneLighting":true,"audioPlay":false,"sceneViewState":{"showFog":true,"showMaterialUpdate":false,"showSkybox":true,"showFlares":true,"showImageEffects":true,"showParticleSystems":true},"in2DMode":false,"pivot":{"x":-29.586349487304689,"y":13.064451217651368,"z":-22.020526885986329},"rotation":{"x":0.18970675766468049,"y":0.8094379901885986,"z":-0.3717154562473297,"w":0.41310209035873415},"size":13.119011878967286,"orthographic":false}